{
  "cardiovascular": {
    "ageBaselineSurvival": [
      1.0000,
      0.8539,
      0.8420,
      0.9088,
      0.9172,
      0.8464,
      0.7297,
      0.8081,
      0.8980,
      0.8155,
      0.7609,
      0.8113,
      0.8173,
      0.7939,
      0.8382,
      0.8333,
      0.8257,
      0.8000,
      0.7930,
      0.7962,
      0.7807,
      0.7731,
      0.8118,
      0.7325,
      0.7671,
      0.7236,
      0.6690,
      0.7173,
      0.6978,
      0.6074,
      0.6880,
      0.6473,
      0.7034,
      0.6904,
      0.6507,
      0.5946,
      0.5328,
      0.4954,
      0.5376,
      0.4403,
      0.5043,
      0.5509,
      0.5480,
      0.3889,
      0.3048
    ],
    "ageBaselineSurvivalOffset": 45,
    "coefficients": {
      "male": 0.07202612,
      "currentSmoker": 0.4309255,
      "diabetesMellitus": 0.4356513,
      "systolicBloodPressure": 0.02813967,
      "systolicBloodPressureSquared": 0.00009665775,
      "totalCholesterol": 0.3670944,
      "totalCholesterolSquared": 0.03555509,
      "creatinine": 0.006115205,
      "twoLocationsCvd": 0.3176464,
      "threeLocationsCvd": 0.2895387,
      "atrialFibrillationHistory": 0.2143259,
      "congestiveHeartFailureHistory": 0.4446873,
      "residence": {
        "northAmerica": 0.1552
      }
    }
  },
  "nonCardiovascular": {
    "ageBaselineSurvival": [
      1.0000,
      0.9855,
      1.0000,
      0.9950,
      1.0000,
      1.0000,
      0.9949,
      0.9958,
      1.0000,
      0.9896,
      0.9966,
      0.9935,
      0.9842,
      0.9869,
      0.9935,
      0.9938,
      0.9934,
      0.9734,
      0.9683,
      0.9768,
      0.9725,
      0.9724,
      0.9586,
      0.9683,
      0.9720,
      0.9539,
      0.9439,
      0.9469,
      0.9299,
      0.9369,
      0.9537,
      0.9172,
      0.9018,
      0.9280,
      0.8622,
      0.8688,
      0.8381,
      0.8647,
      0.8478,
      0.8125,
      0.7855,
      0.7284,
      0.7685,
      0.7197,
      0.6469
    ],
    "ageBaselineSurvivalOffset": 45,
    "coefficients": {
      "male": 0.598602,
      "currentSmoker": 4.25382,
      "currentSmokerAge": 0.04861788,
      "diabetesMellitus": 0.406509,
      "systolicBloodPressure": 0.007410907,
      "totalCholesterol": 0.002985867,
      "creatinine": 0.01886007,
      "creatinineSquared": 0.00008048823,
      "twoLocationsCvd": 0.1441609,
      "threeLocationsCvd": 0.5693571,
      "atrialFibrillationHistory": 0.3213421,
      "congestiveHeartFailureHistory": 0.2060817,
      "residence": {
        "northAmerica": 0.4134
      }
    }
  },
  "treatmentsEffects": {
    "PCSK9Ihibitors": 0.15,
    "ezetimibe": 0.064,
    "rivaroxaban": 0.24,
    "aspirin": 0.21,
    "SGLT2Inhibitors": 0.10,
    "GLP1ReceptorAgonists": 0.12,
    "statin": 0.21,
    "P2Y12InhibitorsWithPAD": 0.087,
    "P2Y12InhibitorsWithCADCVD": 0.087
  }
}
